{"1": [0.7210246, 0.3815809], "2": [0.9999503999999999, 0.1248695], "3": [0.0452408, 0.6440535333333333], "4": [0.2988928, 0.4453225], "5": [0.7027057999999999, 0.5654544666666667], "6": [0.1832008, 0.8069385333333333], "7": [0.9999752, 0.07385166666666666], "8": [0.9407981999999999, 0.07256796666666666], "9": [0.4936854, 0.5957196], "10": [0.661116, 0.6049652666666667], "11": [0.6050882000000001, 0.1435178], "12": [0.1403228, 0.39766619999999997], "13": [0.5679371999999999, 0.5237308666666667], "14": [0.5639571999999999, 0.15391586666666665], "15": [0.413524, 0.5849622333333333], "16": [0.9992584000000001, 0.10698596666666667], "17": [0.1449692, 0.35758799999999996], "18": [0.4766844, 0.08788873333333333], "19": [0.5147938000000001, 0.6016464333333333], "20": [0.22442240000000002, 0.21709183333333332], "21": [0.858212, 0.14131153333333332], "22": [0.5429486, 0.32457626666666667], "23": [0.8428538, 0.4218914333333333], "24": [0.14358420000000002, 0.11016763333333333], "25": [0.3051044, 0.7448993333333332], "26": [0.9453346, 0.14960826666666666], "27": [0.60561, 0.14421953333333332], "28": [0.6056502, 0.11944516666666667], "29": [0.1174944, 0.8291477666666667], "30": [0.7436024, 0.13427113333333332], "31": [0.9999752, 0.5807066], "32": [0.9993572000000001, 0.5614687333333332], "33": [0.6777312, 0.7317597333333333], "34": [0.26921080000000003, 0.24413763333333335], "35": [0.8717812, 0.6440764666666666], "36": [0.29398779999999997, 0.5025583], "37": [0.29424, 0.13091183333333334], "38": [0.44649419999999995, 0.2931283333333333], "39": [0.203009, 0.2766109], "40": [0.1055884, 0.2708006666666667], "41": [0.4439738, 0.76886], "42": [0.0876308, 0.20916336666666666], "43": [0.44994080000000003, 0.10185939999999999], "44": [0.1063182, 0.199156], "45": [0.5148876, 0.05010836666666666], "46": [0.6310621999999999, 0.07326586666666667], "47": [0.6334944, 0.2870798], "48": [0.6336786, 0.17670513333333335], "49": [0.634878, 0.21476550000000003], "50": [0.23124940000000002, 0.34019143333333335], "51": [0.6709282, 0.15848113333333333], "52": [0.6978852000000001, 0.23806543333333333], "53": [0.11961820000000001, 0.5914650666666667], "54": [0.0715436, 0.5925381], "55": [0.9999752, 0.999971], "56": [0.305853, 0.9995362], "57": [0.737533, 0.1364524], "58": [0.1106064, 0.29515653333333336], "59": [0.307788, 0.14481393333333334]}